first_name,last_name,email,phone
Willy,Kalinowsky,wkalinowsky0@nifty.com,227-85-2105
Leigha,Chappelle,lchappelle1@unesco.org,364-31-9997
Mile,Rudloff,mrudloff2@unesco.org,601-65-8238
Harriette,Bartkowiak,hbartkowiak3@sohu.com,165-32-3655
Patrizio,Boorer,pboorer4@usa.gov,435-10-4953
Emmalynne,Oaks,eoaks5@spiegel.de,309-89-7309
Theressa,Wrightim,twrightim6@skyrock.com,409-59-7639
Joanna,Rossbrook,jrossbrook7@sitemeter.com,609-76-2712
Cris,Bastiman,cbastiman8@netvibes.com,784-79-8831
Harwell,Riping,hriping9@godaddy.com,501-44-4571
Aurore,Prayer,aprayera@wunderground.com,617-50-7947
Hayward,Kendall,hkendallb@dailymotion.com,190-65-5830
Sam,Wagstaff,swagstaffc@freewebs.com,504-57-2624
Mandie,Padell,mpadelld@artisteer.com,865-47-4457
Constantina,Sisse,csissee@drupal.org,279-22-4092
Meridel,Posten,mpostenf@stanford.edu,386-18-6580
Gaylor,Deeny,gdeenyg@g.co,164-54-7113
Delmer,Camillo,dcamilloh@reuters.com,635-46-8324
Feodora,Mattersey,fmatterseyi@soundcloud.com,677-54-6756
Hamnet,Peirce,hpeircej@icio.us,196-34-6519
Elnore,Ferenczy,eferenczyk@irs.gov,859-12-3257
Justinn,Gove,jgovel@about.com,309-80-2382
Cahra,Catteroll,ccatterollm@latimes.com,503-22-1145
Stacy,Marns,smarnsn@networkadvertising.org,487-24-7527
Corrianne,Eble,cebleo@themeforest.net,336-04-3076
Cassius,Vedyasov,cvedyasovp@nydailynews.com,162-71-7259
Dani,Morriarty,dmorriartyq@businessinsider.com,248-85-5120
Burk,Andren,bandrenr@51.la,432-99-9914
Ricki,Leipnik,rleipniks@sina.com.cn,599-07-5533
El,McCathy,emccathyt@amazon.co.jp,620-58-6862
Iona,McAtamney,imcatamneyu@hubpages.com,574-79-2806
Tabbatha,Espinha,tespinhav@cnbc.com,288-69-6894
Marieann,Teece,mteecew@sphinn.com,887-84-1262
Dela,Teideman,dteidemanx@opensource.org,861-57-1653
Donielle,Hunte,dhuntey@prweb.com,691-07-2186
Latia,Weedall,lweedallz@flickr.com,767-67-2979
Farr,Warton,fwarton10@slate.com,386-53-4115
Oren,Glew,oglew11@github.com,834-90-6444
Adair,Warham,awarham12@alexa.com,869-65-8818
Delores,Haccleton,dhaccleton13@wiley.com,808-83-9118
Tamma,Aps,taps14@netscape.com,127-78-7827
Boyce,Michelle,bmichelle15@hugedomains.com,635-68-8490
Latisha,Swindon,lswindon16@cam.ac.uk,379-76-7859
Conny,Larkkem,clarkkem17@apache.org,420-78-9707
Hazel,Overland,hoverland18@ca.gov,313-96-1143
Claiborne,Matschek,cmatschek19@myspace.com,252-32-6770
Gwendolyn,Grosier,ggrosier1a@domainmarket.com,780-79-3670
Kathleen,Goghin,kgoghin1b@hc360.com,328-08-1143
Keslie,Prati,kprati1c@statcounter.com,311-29-0841
Giraud,Haddeston,ghaddeston1d@lycos.com,238-37-6193
Dalis,Sawter,dsawter1e@1688.com,768-13-2226
Denna,Dobrovolski,ddobrovolski1f@engadget.com,742-69-0513
Rosalie,MacCarter,rmaccarter1g@va.gov,322-44-4520
Zonda,Willcox,zwillcox1h@hp.com,867-01-3980
Marlin,Andriveau,mandriveau1i@cpanel.net,499-32-7252
Alina,Evens,aevens1j@goo.ne.jp,776-37-3919
Joly,Bariball,jbariball1k@ihg.com,669-49-1370
Jordana,Learoyd,jlearoyd1l@theatlantic.com,774-45-5929
Seward,Illsley,sillsley1m@prlog.org,737-59-8381
Sidoney,Cominello,scominello1n@wunderground.com,196-77-0708
Court,Poore,cpoore1o@mozilla.org,231-69-9946
Farand,Runciman,frunciman1p@deliciousdays.com,403-97-6440
Milty,Keningham,mkeningham1q@dailymail.co.uk,588-99-5908
Cross,Flucker,cflucker1r@plala.or.jp,630-47-2938
Lucien,Gilvear,lgilvear1s@cdbaby.com,336-31-8427
Joaquin,Daugherty,jdaugherty1t@devhub.com,555-60-9451
Luci,Shackleford,lshackleford1u@howstuffworks.com,693-95-6196
Rebe,Verdun,rverdun1v@google.cn,498-81-6386
Bunnie,Longworthy,blongworthy1w@senate.gov,795-58-3723
Sallee,Crick,scrick1x@hibu.com,405-12-8637
Ofella,Pipkin,opipkin1y@drupal.org,287-05-1156
Sutherlan,Woolaghan,swoolaghan1z@reuters.com,783-80-3964
Raoul,Chatters,rchatters20@themeforest.net,212-22-9145
Wolfie,Inglish,winglish21@smh.com.au,258-70-2896
Noellyn,Mackin,nmackin22@wikia.com,811-40-3302
Shayne,Antonnikov,santonnikov23@technorati.com,567-14-4834
Kirstyn,Dennes,kdennes24@chronoengine.com,668-53-6726
Cecelia,Marquand,cmarquand25@economist.com,403-45-6347
Royce,Heady,rheady26@dyndns.org,658-62-8229
Jared,Rudderham,jrudderham27@wikipedia.org,177-24-3522
Berkley,Taft,btaft28@amazonaws.com,192-57-0682
Boot,Lince,blince29@independent.co.uk,114-71-1654
Darlleen,Shurmore,dshurmore2a@cafepress.com,129-10-5853
Skipton,Whayman,swhayman2b@nih.gov,607-64-6956
Wileen,Goggin,wgoggin2c@nasa.gov,569-20-7136
Borden,d'Escoffier,bdescoffier2d@prlog.org,881-75-9005
Lisbeth,Dobson,ldobson2e@admin.ch,895-06-5056
Charley,Hardan,chardan2f@artisteer.com,478-03-1652
Sunshine,Dufore,sdufore2g@army.mil,737-82-6260
Leupold,Bernath,lbernath2h@latimes.com,527-30-9624
Hyacinth,Pamphilon,hpamphilon2i@pen.io,196-75-2056
Ximenez,Berka,xberka2j@sohu.com,839-77-1452
Ruggiero,Stubbings,rstubbings2k@google.es,202-92-4646
Brion,Betje,bbetje2l@usda.gov,451-53-8779
Ram,Furley,rfurley2m@360.cn,554-43-2041
Carilyn,De Carlo,cdecarlo2n@woothemes.com,350-35-1070
Annette,Billo,abillo2o@newsvine.com,529-16-9865
Antoni,Sansun,asansun2p@instagram.com,412-02-0037
Tani,Doylend,tdoylend2q@gizmodo.com,619-54-2284
Darnall,Dencs,ddencs2r@hhs.gov,324-32-1988
Eliot,Lebang,elebang2s@goodreads.com,604-68-5666
Pat,Brosius,pbrosius2t@fastcompany.com,631-02-0618
Allis,Lucken,alucken2u@eepurl.com,408-20-5292
Desi,McGann,dmcgann2v@mozilla.com,554-06-5844
Ingemar,Abdee,iabdee2w@prweb.com,604-01-8960
Dunstan,Smithend,dsmithend2x@dedecms.com,844-99-2434
Coral,Sandison,csandison2y@google.ca,683-98-9331
Yancy,Godbehere,ygodbehere2z@wufoo.com,567-60-5662
Farica,Pettican,fpettican30@over-blog.com,247-21-5531
Matilda,Needham,mneedham31@simplemachines.org,422-25-6266
Sidnee,Gelardi,sgelardi32@github.com,469-26-6694
Ollie,Francie,ofrancie33@newsvine.com,782-41-3999
Edvard,Page,epage34@hhs.gov,782-94-6300
Kira,Rowlstone,krowlstone35@com.com,692-83-5429
Lothario,Mation,lmation36@stanford.edu,179-75-4485
Erroll,Flattman,eflattman37@delicious.com,388-75-7860
Rebe,Quinell,rquinell38@sphinn.com,829-58-0726
Derby,Lillicrap,dlillicrap39@macromedia.com,443-11-4558
Jo-ann,Lindsley,jlindsley3a@cbsnews.com,206-74-4353
Gannon,Elam,gelam3b@unblog.fr,405-20-3355
Bart,Fowgies,bfowgies3c@soup.io,313-93-3927
Stephi,Wrotham,swrotham3d@ox.ac.uk,705-24-1631
Ame,Burgin,aburgin3e@sfgate.com,626-10-6683
Sven,Moyer,smoyer3f@bandcamp.com,645-82-5252
Casey,Grattan,cgrattan3g@nhs.uk,356-31-8631
Ado,Critchlow,acritchlow3h@rediff.com,353-92-1900
Siana,Stollhofer,sstollhofer3i@chron.com,602-01-1653
Willem,Fellow,wfellow3j@huffingtonpost.com,145-55-3017
Correy,Boame,cboame3k@nytimes.com,345-90-8486
Georgie,Finch,gfinch3l@posterous.com,395-07-6967
Brocky,Borsay,bborsay3m@delicious.com,477-70-0522
Kermie,Chsteney,kchsteney3n@delicious.com,286-50-8061
Clemmie,Godart,cgodart3o@cargocollective.com,613-92-7163
Marya,Lea,mlea3p@cbc.ca,246-36-1333
Derek,McOrkil,dmcorkil3q@ebay.com,512-03-2764
Keslie,Neal,kneal3r@si.edu,831-22-2161
Lorry,Grahl,lgrahl3s@multiply.com,847-70-3772
Rudiger,Porcher,rporcher3t@squarespace.com,298-43-6735
Amil,Phippard,aphippard3u@msn.com,686-20-8818
Salvador,Bebbell,sbebbell3v@istockphoto.com,478-66-7479
Aggie,Burgett,aburgett3w@ucoz.com,461-25-3056
Weider,Pray,wpray3x@cargocollective.com,182-91-4166
Carline,Inch,cinch3y@creativecommons.org,331-35-1034
Trent,Frenchum,tfrenchum3z@nymag.com,157-55-7661
Adriaens,Gasticke,agasticke40@amazon.de,209-94-8443
Aridatha,Pfleger,apfleger41@accuweather.com,349-54-9610
Hugh,Chezelle,hchezelle42@fastcompany.com,316-34-7266
Felicia,Saladin,fsaladin43@ifeng.com,553-26-1575
Rafaello,Silversmidt,rsilversmidt44@jiathis.com,638-61-4856
Dyane,Trazzi,dtrazzi45@pbs.org,783-28-6361
Jere,Lipman,jlipman46@reference.com,574-72-0066
Phaedra,Keyes,pkeyes47@bing.com,700-27-1911
Jessalin,Batman,jbatman48@bbc.co.uk,842-36-7432
Elita,Cavell,ecavell49@cdbaby.com,471-54-0511
Skell,Swadlen,sswadlen4a@psu.edu,234-49-0273
Valera,Laurencot,vlaurencot4b@unesco.org,482-51-3004
Art,Cawsby,acawsby4c@lulu.com,843-58-4518
Alfreda,Bottoner,abottoner4d@vk.com,321-94-0707
Philis,Andreix,pandreix4e@time.com,784-52-7614
Egan,Lansdown,elansdown4f@intel.com,286-25-6956
Gar,Dymick,gdymick4g@icq.com,656-19-3781
Isobel,Pendleberry,ipendleberry4h@ovh.net,649-52-6610
Olivero,Nicholas,onicholas4i@weibo.com,816-82-4823
Neil,Reasce,nreasce4j@ucla.edu,734-04-1893
Grenville,Carpmile,gcarpmile4k@bluehost.com,584-17-8285
Barnabe,Bowshire,bbowshire4l@mozilla.org,771-65-5203
Enrichetta,Gitthouse,egitthouse4m@thetimes.co.uk,604-29-8981
Keir,Ebanks,kebanks4n@ca.gov,332-67-8213
Elsi,Cordel,ecordel4o@cocolog-nifty.com,488-91-2779
Caty,Lackney,clackney4p@wikimedia.org,734-64-4052
Massimiliano,Gipson,mgipson4q@forbes.com,372-97-6785
Erskine,Lewzey,elewzey4r@webeden.co.uk,147-32-3192
Eleanora,Greatbank,egreatbank4s@51.la,365-93-8293
Lisha,Creek,lcreek4t@vk.com,533-17-9668
Alana,Francesco,afrancesco4u@webeden.co.uk,795-22-2861
Hatti,Weond,hweond4v@comsenz.com,898-98-6486
Norma,Maginot,nmaginot4w@amazon.co.uk,740-66-8868
Kirsti,Synan,ksynan4x@cdbaby.com,210-86-2701
Susette,Heintzsch,sheintzsch4y@pbs.org,854-92-1976
Johann,Mallinder,jmallinder4z@furl.net,193-12-8043
Amble,Forrington,aforrington50@cloudflare.com,339-38-3491
Helaina,Oblein,hoblein51@123-reg.co.uk,849-32-9322
Clint,Isaksson,cisaksson52@salon.com,623-61-2508
Silvano,Barff,sbarff53@boston.com,537-54-0714
Axel,Pady,apady54@odnoklassniki.ru,428-76-1450
Cecile,Gutch,cgutch55@moonfruit.com,557-29-7324
Celisse,Denman,cdenman56@hugedomains.com,883-75-3413
Layney,Spoor,lspoor57@theglobeandmail.com,555-44-3531
Ignazio,Schutte,ischutte58@shinystat.com,220-22-6030
Ambur,Pinson,apinson59@4shared.com,447-10-5793
Kristofer,Brockington,kbrockington5a@jalbum.net,635-36-5131
Mikaela,Allon,mallon5b@paypal.com,375-31-5102
Reeba,Jossel,rjossel5c@ox.ac.uk,305-68-8166
Pren,Bearward,pbearward5d@a8.net,662-73-4460
Deny,Godson,dgodson5e@reuters.com,522-25-7989
Tybi,Bibb,tbibb5f@typepad.com,659-92-9826
Carlie,Coarser,ccoarser5g@noaa.gov,492-53-3074
Freddi,Girardy,fgirardy5h@vk.com,735-71-9560
Goldy,Geistmann,ggeistmann5i@is.gd,557-05-2194
Sergeant,Burridge,sburridge5j@scribd.com,431-31-6994
Sib,Hadcroft,shadcroft5k@comsenz.com,683-38-1726
Alisander,Stockey,astockey5l@clickbank.net,639-01-4997
Mariellen,Pouck,mpouck5m@yahoo.co.jp,720-90-1980
Allister,Polino,apolino5n@github.com,634-21-0963
Alexis,Watkinson,awatkinson5o@yahoo.co.jp,530-26-2813
Emily,De'Ath,edeath5p@rediff.com,681-09-4054
Kaleena,Limon,klimon5q@cnet.com,847-17-2376
Bear,Greenrde,bgreenrde5r@state.gov,773-79-7209
Alexandros,Frostdyke,afrostdyke5s@cpanel.net,185-63-0758
Irvine,Pieper,ipieper5t@rambler.ru,296-65-0929
Garwin,Crothers,gcrothers5u@oracle.com,587-95-2185
Maible,Hasker,mhasker5v@shareasale.com,302-09-2098
Dionisio,Cleminshaw,dcleminshaw5w@wikispaces.com,521-93-9543
Sayers,Lambertson,slambertson5x@seesaa.net,724-46-8890
Tomlin,Rutherforth,trutherforth5y@eepurl.com,671-25-8339
Yorker,Rodrigo,yrodrigo5z@slashdot.org,863-96-5740
Traci,Guntrip,tguntrip60@photobucket.com,778-38-9516
Aida,McAteer,amcateer61@pinterest.com,567-34-3783
Trisha,July,tjuly62@arstechnica.com,219-68-0744
Parsifal,Halliwell,phalliwell63@mapy.cz,707-32-2253
Kile,Phillip,kphillip64@geocities.com,460-62-4515
Laurel,Birdall,lbirdall65@ebay.co.uk,187-24-7168
Fionnula,MacIver,fmaciver66@intel.com,696-81-5407
Freddie,Wilcot,fwilcot67@blinklist.com,801-23-3597
Gran,Notley,gnotley68@mtv.com,632-24-2177
Arlette,Bretland,abretland69@theatlantic.com,440-80-8046
Alethea,MacCarroll,amaccarroll6a@europa.eu,215-14-6587
Prudi,Adicot,padicot6b@ezinearticles.com,857-48-2844
Guendolen,Staddon,gstaddon6c@wp.com,233-26-7383
Andrej,Flobert,aflobert6d@purevolume.com,356-27-1516
Barbette,Tebbutt,btebbutt6e@nba.com,422-54-8995
Jimmy,Reynolds,jreynolds6f@nbcnews.com,129-11-6668
Kariotta,Lademann,klademann6g@imdb.com,135-45-5258
Daveen,Shaves,dshaves6h@hibu.com,488-73-3453
Rudy,Brumfield,rbrumfield6i@wix.com,394-59-8391
Sherwynd,McColl,smccoll6j@bbb.org,647-34-0670
Culley,Brass,cbrass6k@sogou.com,861-92-4118
Roz,Woodfield,rwoodfield6l@cafepress.com,700-13-6427
Sherry,Boys,sboys6m@nps.gov,386-03-4873
Emanuel,Duhig,eduhig6n@wisc.edu,174-84-9110
Clarice,Nicklinson,cnicklinson6o@umich.edu,443-03-1424
Kip,Reggio,kreggio6p@a8.net,812-95-6901
Keene,Alfonso,kalfonso6q@amazon.co.uk,154-35-1990
Benjamen,Leadley,bleadley6r@pen.io,286-51-5827
Fawnia,Armitt,farmitt6s@desdev.cn,106-02-7935
Audra,Minall,aminall6t@t-online.de,793-18-7636
Normy,Strongitharm,nstrongitharm6u@biblegateway.com,300-33-1168
Bryn,Castledine,bcastledine6v@qq.com,635-68-2638
Emmi,Faull,efaull6w@utexas.edu,824-51-4742
Karoly,Wick,kwick6x@google.co.uk,363-09-2577
Reuven,Pearcey,rpearcey6y@illinois.edu,644-68-8384
Dorice,Kippins,dkippins6z@ebay.com,158-18-3036
Heinrick,Estcot,hestcot70@dyndns.org,226-44-3915
Carie,Gant,cgant71@quantcast.com,713-11-2084
Moe,O'Shiel,moshiel72@dell.com,592-78-3439
Sherman,O'Donnelly,sodonnelly73@ucsd.edu,618-58-5954
Genvieve,Simcock,gsimcock74@mtv.com,730-72-5633
Kettie,Kissock,kkissock75@feedburner.com,499-92-2799
Mair,Lynds,mlynds76@ustream.tv,762-75-1091
Jaime,Cosley,jcosley77@drupal.org,214-25-6125
Collie,Fassum,cfassum78@bbc.co.uk,331-24-1835
Nancie,Allworthy,nallworthy79@narod.ru,554-51-1620
Pacorro,Bratchell,pbratchell7a@newyorker.com,763-54-5864
Tracey,Hatliffe,thatliffe7b@foxnews.com,543-56-7536
Katinka,Canizares,kcanizares7c@cyberchimps.com,407-29-7470
Trueman,Twining,ttwining7d@globo.com,674-68-0868
Saunderson,Petricek,spetricek7e@jugem.jp,362-92-2178
Lucretia,Boyles,lboyles7f@mail.ru,433-97-7016
Latrena,Mewton,lmewton7g@loc.gov,739-09-7748
Christiane,Dugget,cdugget7h@telegraph.co.uk,700-28-8252
Cortie,Towriss,ctowriss7i@patch.com,621-88-4959
Maurizio,de Castelain,mdecastelain7j@php.net,101-53-2905
Lucia,Cahalin,lcahalin7k@cdbaby.com,119-71-0637
Rurik,Pendered,rpendered7l@squidoo.com,753-71-7738
Korrie,Haizelden,khaizelden7m@booking.com,682-12-1013
Taite,Pactat,tpactat7n@loc.gov,531-50-7515
Casandra,Siebart,csiebart7o@webeden.co.uk,898-12-4718
Eula,Arcase,earcase7p@msu.edu,867-05-0242
Arnold,Howden,ahowden7q@edublogs.org,184-31-4859
Alyssa,Pigot,apigot7r@home.pl,428-31-8493
Gilbertina,Fisby,gfisby7s@house.gov,737-46-0993
Olag,Saddleton,osaddleton7t@bloglovin.com,519-91-8202
Lelah,Bruce,lbruce7u@icio.us,147-43-8325
Berrie,Madill,bmadill7v@guardian.co.uk,890-37-5225
Augustin,Lemanu,alemanu7w@domainmarket.com,894-57-9559
Brenda,Coners,bconers7x@omniture.com,644-66-0907
Allard,Mowles,amowles7y@hao123.com,548-52-9325
Brody,Deviney,bdeviney7z@csmonitor.com,169-10-9507
Eunice,Starrs,estarrs80@twitpic.com,532-34-8055
Bradley,Godmer,bgodmer81@telegraph.co.uk,582-58-7608
Lynnell,Alvy,lalvy82@ftc.gov,839-29-1021
Arley,Tattersill,atattersill83@zdnet.com,177-07-4574
Heidi,Burker,hburker84@eventbrite.com,776-07-4290
Reid,Mulford,rmulford85@jalbum.net,576-92-9997
Baily,Furmage,bfurmage86@upenn.edu,221-40-7535
Laverna,Mackrill,lmackrill87@seesaa.net,345-02-9023
Emery,Gierck,egierck88@nhs.uk,838-78-0468
Urbano,Portam,uportam89@psu.edu,501-35-0669
Nicky,Gellion,ngellion8a@whitehouse.gov,615-51-9659
Velvet,Upstone,vupstone8b@businessinsider.com,608-67-1469
Olav,Justis,ojustis8c@kickstarter.com,758-12-9972
Nelie,Rein,nrein8d@acquirethisname.com,111-99-3086
Domeniga,Fridd,dfridd8e@stanford.edu,438-86-6576
Nady,Aronovich,naronovich8f@printfriendly.com,670-21-1816
Gayle,Capehorn,gcapehorn8g@tumblr.com,528-48-6666
Obidiah,Creffeild,ocreffeild8h@japanpost.jp,489-67-6000
Correy,Shera,cshera8i@phpbb.com,161-55-6962
Arri,Benion,abenion8j@wikia.com,589-17-5719
Garreth,O'Clery,goclery8k@pen.io,356-55-6399
Rollo,Bleeze,rbleeze8l@sun.com,210-82-9409
Josefina,Castellucci,jcastellucci8m@jugem.jp,687-76-7668
Gert,Yu,gyu8n@statcounter.com,613-29-0940
Penny,Overstone,poverstone8o@comsenz.com,604-65-0490
Davide,Causbey,dcausbey8p@google.ca,535-17-5569
Thibaud,Toone,ttoone8q@liveinternet.ru,281-52-1090
Jonell,Ashworth,jashworth8r@reverbnation.com,352-95-8769
Christan,Hinsche,chinsche8s@scribd.com,816-63-4192
Adel,Trenam,atrenam8t@amazon.de,568-29-1085
Ebony,Nabbs,enabbs8u@dion.ne.jp,458-11-3500
Fin,Ong,fong8v@epa.gov,150-44-7481
Muhammad,Bramble,mbramble8w@shop-pro.jp,809-54-8034
Anne,Mattam,amattam8x@seesaa.net,257-95-5306
Greta,Atlay,gatlay8y@washington.edu,351-62-7595
Antonietta,Perks,aperks8z@auda.org.au,293-32-1992
Herve,Hellwich,hhellwich90@un.org,337-21-8574
Maje,Gidley,mgidley91@moonfruit.com,368-61-5934
Hoyt,Rummings,hrummings92@quantcast.com,313-44-9793
Rhodie,Fitter,rfitter93@amazonaws.com,171-48-2129
Arlen,Binham,abinham94@mashable.com,225-66-9231
Bartholomew,Francecione,bfrancecione95@yandex.ru,598-63-9754
Lombard,Whittam,lwhittam96@plala.or.jp,374-35-9887
Roger,Wile,rwile97@tripod.com,400-54-2191
Xylina,Bulcroft,xbulcroft98@vk.com,842-38-8767
Saraann,Stenner,sstenner99@theatlantic.com,709-17-3319
Sawyere,Amburgy,samburgy9a@reverbnation.com,229-87-0504
Herculie,Byway,hbyway9b@joomla.org,641-67-1179
Barney,Raithmill,braithmill9c@uiuc.edu,888-52-6006
Archibald,Casillis,acasillis9d@nifty.com,347-13-5919
Egor,Attwell,eattwell9e@uol.com.br,705-88-6991
Cloe,Junkinson,cjunkinson9f@exblog.jp,535-88-4069
Ryann,Vagges,rvagges9g@prweb.com,826-24-8718
Fremont,Hadigate,fhadigate9h@redcross.org,772-22-9849
Gauthier,Gingedale,ggingedale9i@earthlink.net,357-28-4706
Adella,Kassel,akassel9j@latimes.com,346-09-9137
Cairistiona,MacFarland,cmacfarland9k@economist.com,288-10-6402
Holly-anne,Lowndesbrough,hlowndesbrough9l@biblegateway.com,240-01-6155
Mano,McGeachy,mmcgeachy9m@noaa.gov,603-62-7505
Terri-jo,Hallihan,thallihan9n@mlb.com,463-41-5980
Daune,Shreeve,dshreeve9o@reverbnation.com,106-09-6501
Opalina,Mottley,omottley9p@blogtalkradio.com,247-64-2909
Hallsy,Tipperton,htipperton9q@sfgate.com,678-44-4138
Susanna,Dollard,sdollard9r@edublogs.org,257-86-7270
Claudian,Parish,cparish9s@is.gd,811-23-0807
Sayre,Jeannot,sjeannot9t@google.pl,882-30-4464
Baryram,Gridley,bgridley9u@epa.gov,882-49-0875
Susie,Petrescu,spetrescu9v@dot.gov,761-46-1189
Wallis,Whiterod,wwhiterod9w@yahoo.com,343-64-9111
Leonid,Sterland,lsterland9x@phoca.cz,580-96-4493
Dannye,Itchingham,ditchingham9y@ifeng.com,352-60-5744
Alix,Pennington,apennington9z@bbc.co.uk,299-30-1162
Arch,Lube,alubea0@virginia.edu,721-47-4814
Aubrette,Cicchelli,acicchellia1@narod.ru,685-08-2010
Winny,Troyes,wtroyesa2@gizmodo.com,542-45-3215
Stephani,Lothlorien,slothloriena3@china.com.cn,507-01-1712
Audrie,Butcher,abutchera4@psu.edu,696-39-9907
Welch,Emlyn,wemlyna5@webnode.com,739-23-9972
Manda,Pehrsson,mpehrssona6@wsj.com,568-89-8901
Gustavo,Hostan,ghostana7@mac.com,176-39-8194
Lynnelle,Warsop,lwarsopa8@flickr.com,856-50-8100
Tabitha,Croce,tcrocea9@nih.gov,655-70-6595
Ruthann,Staniland,rstanilandaa@barnesandnoble.com,531-89-4497
Lizbeth,Dootson,ldootsonab@sphinn.com,370-66-3396
Nate,Ashmore,nashmoreac@illinois.edu,689-72-3819
Lauren,Kippen,lkippenad@businessinsider.com,290-34-7634
Piotr,Berkowitz,pberkowitzae@unesco.org,732-68-8792
Cointon,Bolitho,cbolithoaf@vkontakte.ru,699-39-9682
Lukas,Deaton,ldeatonag@va.gov,645-55-4446
Tammara,Ivasyushkin,tivasyushkinah@mtv.com,615-67-8758
Dewain,Dupree,ddupreeai@cdbaby.com,560-40-5402
Enrico,Le Marquand,elemarquandaj@slashdot.org,612-19-1249
Mortimer,Helbeck,mhelbeckak@mayoclinic.com,812-93-6587
Erina,Belcham,ebelchamal@ihg.com,294-69-5370
Upton,Dymock,udymockam@wunderground.com,292-72-0584
Nonna,Congreave,ncongreavean@shop-pro.jp,508-17-5023
Fina,Hulle,fhulleao@cornell.edu,549-56-4760
Vernice,Husbands,vhusbandsap@weather.com,445-61-5166
Harrie,Ledrun,hledrunaq@amazonaws.com,762-32-0577
Cloe,Kulis,ckulisar@google.fr,421-83-6816
Henderson,Lillyman,hlillymanas@icq.com,565-41-0484
Korney,Natwick,knatwickat@forbes.com,361-73-5919
Jedidiah,Tellenbrok,jtellenbrokau@java.com,609-03-7839
Ellary,Peizer,epeizerav@bizjournals.com,409-36-6564
Jeffie,Fauning,jfauningaw@gizmodo.com,382-50-9222
Staci,Drought,sdroughtax@shop-pro.jp,561-62-4328
Camey,De Caroli,cdecaroliay@amazon.co.uk,527-52-1026
Marja,Bruinemann,mbruinemannaz@nydailynews.com,869-94-2209
Daisie,Searles,dsearlesb0@reverbnation.com,590-30-4684
Cad,Boucher,cboucherb1@whitehouse.gov,557-68-9276
Lawry,Milligan,lmilliganb2@bravesites.com,395-14-3396
Emeline,Giveen,egiveenb3@wunderground.com,656-85-3876
Elnar,Finkle,efinkleb4@ebay.co.uk,603-82-6979
Barbara-anne,Jess,bjessb5@4shared.com,332-36-5218
Silva,Symms,ssymmsb6@hc360.com,623-09-2326
Ardine,Ommundsen,aommundsenb7@washingtonpost.com,786-97-6926
Mel,Truckett,mtruckettb8@google.com.hk,348-05-8636
Astrix,O'Mohun,aomohunb9@printfriendly.com,742-35-6058
Caressa,Culvey,cculveyba@live.com,376-03-6946
Kirsteni,Jaynes,kjaynesbb@mail.ru,466-41-1423
Raffarty,Beaten,rbeatenbc@github.io,884-79-0967
Stefania,Manwaring,smanwaringbd@4shared.com,352-40-6152
Franzen,Abrahart,fabrahartbe@posterous.com,148-95-8854
Bren,Vanns,bvannsbf@howstuffworks.com,736-68-8787
Tad,Thring,tthringbg@xinhuanet.com,470-44-8622
Marquita,Messiter,mmessiterbh@who.int,402-72-6969
Torrey,Brewood,tbrewoodbi@chicagotribune.com,509-76-5869
Derek,Ianne,diannebj@tuttocitta.it,162-94-6358
Zebedee,Pirozzi,zpirozzibk@oakley.com,726-91-0236
Dorolisa,Fibbings,dfibbingsbl@fda.gov,832-02-3411
Isaiah,Larenson,ilarensonbm@vk.com,594-87-0652
Aloise,Whilder,awhilderbn@ft.com,140-78-8435
Padraic,Iredale,piredalebo@ihg.com,228-35-7272
Gerik,Moar,gmoarbp@twitter.com,569-37-6675
Feliks,Burel,fburelbq@opera.com,323-63-8094
Gilles,Doring,gdoringbr@macromedia.com,785-75-4473
Erin,Kingcote,ekingcotebs@cargocollective.com,387-37-4910
Efren,Avon,eavonbt@nyu.edu,639-17-5989
Hartley,Kennealy,hkennealybu@amazon.com,664-15-6193
Leanna,Alenichev,lalenichevbv@cdbaby.com,774-67-7843
Suzette,Sturgis,ssturgisbw@vkontakte.ru,524-89-3150
Welbie,Rohan,wrohanbx@arizona.edu,558-85-4255
Reggi,Ridout,rridoutby@indiatimes.com,284-21-8418
Darb,Averay,daveraybz@pbs.org,164-46-6629
Riccardo,Bollins,rbollinsc0@hibu.com,708-63-1873
Alika,Fairbank,afairbankc1@usnews.com,804-86-8823
Brigida,Phillcock,bphillcockc2@disqus.com,473-34-8643
Bernita,Prisley,bprisleyc3@bigcartel.com,650-36-5136
Selina,Boor,sboorc4@disqus.com,528-82-1669
Shanie,Lacy,slacyc5@guardian.co.uk,580-80-5792
Claresta,Cissell,ccissellc6@hostgator.com,744-95-3494
Alanah,Bains,abainsc7@census.gov,484-63-3719
Abrahan,Allibon,aallibonc8@sbwire.com,286-18-6844
Ade,Collymore,acollymorec9@paginegialle.it,265-29-4470
Gertie,Plume,gplumeca@ucla.edu,305-73-6887
Fanchon,Boar,fboarcb@macromedia.com,464-49-4762
Rozella,Munby,rmunbycc@timesonline.co.uk,200-77-8352
Chick,Gianiello,cgianiellocd@cam.ac.uk,352-59-1373
Trip,Paprotny,tpaprotnyce@weather.com,684-91-4385
Winona,Caughte,wcaughtecf@de.vu,564-69-8436
Warren,Coatham,wcoathamcg@woothemes.com,228-05-5761
Cornie,Andrus,candrusch@irs.gov,697-34-5016
Heida,Ruvel,hruvelci@hostgator.com,457-46-4592
Aldous,Kohrt,akohrtcj@hc360.com,691-95-2772
Sadye,Rableau,srableauck@zimbio.com,812-77-4310
Silvain,Catenot,scatenotcl@marriott.com,244-24-2568
Teri,Bremond,tbremondcm@arstechnica.com,642-09-6526
Marin,Groveham,mgrovehamcn@amazon.com,465-93-3511
Gloria,Vecard,gvecardco@alexa.com,315-14-2882
Solly,Nolan,snolancp@hao123.com,262-78-0647
Nana,Kristoffersson,nkristofferssoncq@ucoz.com,453-26-6444
Ofelia,Gaffon,ogaffoncr@photobucket.com,565-89-2934
Cullen,Prendergrass,cprendergrasscs@tiny.cc,405-55-9608
Janice,Cubbinelli,jcubbinellict@amazon.co.jp,308-23-3560
Purcell,Moralee,pmoraleecu@mit.edu,691-19-9035
Dniren,Lagen,dlagencv@quantcast.com,893-02-7401
Adams,Etherington,aetheringtoncw@goo.gl,780-16-6396
Ahmed,Gorden,agordencx@lycos.com,106-06-7306
Elli,Bawles,ebawlescy@un.org,696-41-5190
Norma,Dooland,ndoolandcz@shop-pro.jp,740-48-7914
Kaycee,Camilio,kcamiliod0@telegraph.co.uk,687-79-1085
Jan,Cokayne,jcokayned1@icio.us,101-77-2994
Esther,Jochanany,ejochananyd2@squidoo.com,830-45-2298
Joannes,Cahan,jcahand3@reverbnation.com,250-08-8494
Bari,Marriott,bmarriottd4@wired.com,695-78-3884
Ivory,Rosander,irosanderd5@unesco.org,125-35-2367
Kristal,Davy,kdavyd6@wired.com,258-58-0183
Jean,Currao,jcurraod7@nifty.com,491-12-6736
Mariele,McGeorge,mmcgeorged8@msu.edu,733-22-9863
Tam,Caulkett,tcaulkettd9@uiuc.edu,548-18-5321
Merrielle,Panter,mpanterda@fc2.com,754-01-9581
Shay,Kirke,skirkedb@imgur.com,111-88-3151
Blake,Pandie,bpandiedc@so-net.ne.jp,645-86-5883
Merl,Markson,mmarksondd@ihg.com,132-61-5144
Morton,Shilling,mshillingde@reverbnation.com,226-31-6373
Kimbell,Aindrais,kaindraisdf@china.com.cn,689-58-9166
Mayor,Hubane,mhubanedg@ameblo.jp,725-91-3311
Svend,MacIlurick,smacilurickdh@tamu.edu,280-99-5445
Myranda,O'Currane,mocurranedi@miibeian.gov.cn,791-31-2515
Hervey,Syddall,hsyddalldj@house.gov,631-41-1637
Cori,Mayston,cmaystondk@walmart.com,698-86-2132
Brandtr,Dooley,bdooleydl@ucsd.edu,284-03-7278
Boigie,Ashtonhurst,bashtonhurstdm@vk.com,571-73-1459
Gusty,Waghorn,gwaghorndn@foxnews.com,459-78-4318
Bliss,Turbat,bturbatdo@blogspot.com,547-02-1681
Florinda,Sayre,fsayredp@ameblo.jp,212-61-4125
Gaylene,Cosstick,gcosstickdq@senate.gov,512-24-5904
Stafford,Filpi,sfilpidr@howstuffworks.com,114-70-2463
Sibylle,Hagart,shagartds@businessinsider.com,145-51-4149
Benji,Pierse,bpiersedt@parallels.com,107-46-0597
Elsi,Chardin,echardindu@seattletimes.com,719-91-1428
Marnia,Glazebrook,mglazebrookdv@webeden.co.uk,885-26-9906
Charley,Corneliussen,ccorneliussendw@csmonitor.com,594-60-4145
Bryan,Elijahu,belijahudx@ibm.com,713-15-1448
Lou,Kolodziej,lkolodziejdy@ezinearticles.com,817-36-8406
Brandea,Clilverd,bclilverddz@phpbb.com,826-80-8905
Newton,Skeat,nskeate0@jugem.jp,176-65-7287
Agathe,Crips,acripse1@aol.com,223-61-0851
Blake,Baker,bbakere2@prnewswire.com,566-27-4456
Blair,Edmenson,bedmensone3@census.gov,144-80-5028
Yorgos,Clemendot,yclemendote4@unicef.org,832-08-3967
Sandor,Peaseman,speasemane5@washingtonpost.com,503-62-0210
Arturo,Tather,atathere6@sourceforge.net,107-31-3395
Ami,Semiras,asemirase7@fema.gov,430-27-7431
Fan,Lamont,flamonte8@nifty.com,320-25-7972
Larry,Blampey,lblampeye9@globo.com,563-80-9369
Sasha,Penner,spennerea@freewebs.com,319-27-8466
Conni,Bryer,cbryereb@hexun.com,503-45-0673
Dulcea,Mourton,dmourtonec@psu.edu,376-60-2053
Lil,Gwilliams,lgwilliamsed@nyu.edu,347-57-4689
Judas,Padefield,jpadefieldee@sciencedaily.com,263-59-7049
Norene,Kerr,nkerref@bloglovin.com,183-73-7547
Nil,Mc Caughen,nmccaugheneg@admin.ch,438-42-6601
Joni,Francois,jfrancoiseh@cbslocal.com,107-03-9129
Davina,Sprull,dsprullei@independent.co.uk,421-76-8611
Michaela,Cortese,mcorteseej@ow.ly,135-03-6368
Editha,Ceschi,eceschiek@technorati.com,408-51-1020
Diego,Guitel,dguitelel@irs.gov,709-22-5402
Henri,Lambourne,hlambourneem@weather.com,132-65-5629
Benedikt,Spadari,bspadarien@miitbeian.gov.cn,196-27-2787
Margareta,Divver,mdivvereo@ning.com,345-57-8200
Gerardo,Branchflower,gbranchflowerep@free.fr,556-84-0376
Floria,Gehrts,fgehrtseq@hostgator.com,586-41-8948
Thea,Portwain,tportwainer@time.com,841-91-3284
Daron,Brizland,dbrizlandes@businessweek.com,594-54-6560
Arnoldo,Sturdy,asturdyet@quantcast.com,816-72-2373
Griz,Jenney,gjenneyeu@wp.com,145-95-5730
Francis,Passfield,fpassfieldev@cisco.com,542-78-0545
Blane,Clay,bclayew@linkedin.com,805-46-2931
Manya,De Cleen,mdecleenex@1688.com,554-96-2938
Adan,Merryman,amerrymaney@unesco.org,601-95-4849
Ailsun,Crewe,acreweez@boston.com,136-71-8960
Saul,Mulkerrins,smulkerrinsf0@army.mil,336-67-8923
Isabel,Wigginton,iwiggintonf1@mysql.com,418-51-6620
Any,Gaveltone,agaveltonef2@is.gd,465-17-5132
Lavinie,Kensy,lkensyf3@barnesandnoble.com,453-85-8540
Banky,Madelin,bmadelinf4@wikispaces.com,637-02-0971
Guenna,Tolan,gtolanf5@ed.gov,415-47-4026
Kipp,Hucquart,khucquartf6@tumblr.com,425-53-6680
Ricki,Dalloway,rdallowayf7@deliciousdays.com,214-44-1172
Saunderson,Goose,sgoosef8@msn.com,369-89-2586
Pamela,Westby,pwestbyf9@vimeo.com,594-39-4658
Lavena,Maylin,lmaylinfa@creativecommons.org,688-01-9099
Kaine,Parman,kparmanfb@sourceforge.net,591-69-5175
Issiah,Pember,ipemberfc@a8.net,567-93-6457
Cyrille,Lawee,claweefd@rambler.ru,104-41-2792
Randie,Arckoll,rarckollfe@t-online.de,428-11-6645
Lilian,Wardrope,lwardropeff@engadget.com,722-98-7803
Deane,Pirolini,dpirolinifg@dot.gov,856-16-9098
Rock,Skarman,rskarmanfh@nationalgeographic.com,224-69-2609
Nev,Oatley,noatleyfi@bigcartel.com,696-56-5272
Catie,Simco,csimcofj@ucsd.edu,485-02-4045
Bridie,Letherbury,bletherburyfk@bravesites.com,451-06-0054
Robby,Fenkel,rfenkelfl@economist.com,806-72-3423
Roshelle,Kisbey,rkisbeyfm@hud.gov,263-60-9463
Roanne,Maxted,rmaxtedfn@issuu.com,161-51-8325
Farleigh,O'Suaird,fosuairdfo@facebook.com,877-03-3730
Jane,Clappson,jclappsonfp@hhs.gov,594-72-4219
Annamaria,Meriot,ameriotfq@howstuffworks.com,898-24-5271
Torry,Bourtoumieux,tbourtoumieuxfr@qq.com,751-25-5328
Lorilee,Antonazzi,lantonazzifs@yale.edu,631-25-9590
Manfred,Aisthorpe,maisthorpeft@businesswire.com,819-50-0921
Ashien,Gauvain,agauvainfu@rediff.com,526-32-4209
Dougie,Sutherington,dsutheringtonfv@infoseek.co.jp,523-44-2174
Brandea,Wiltshire,bwiltshirefw@cdbaby.com,788-03-8320
Sharai,MacDiarmond,smacdiarmondfx@mail.ru,781-52-4329
Kaylyn,Timcke,ktimckefy@ibm.com,310-16-7974
Sebastien,Nend,snendfz@hibu.com,347-09-2798
Jorge,Salvin,jsalving0@unblog.fr,326-56-5199
Velvet,Menure,vmenureg1@state.gov,495-48-7235
Shay,Wigzell,swigzellg2@histats.com,296-53-1872
Kiele,Grooby,kgroobyg3@theglobeandmail.com,617-27-2309
Matteo,Elecum,melecumg4@cornell.edu,270-85-7781
Yolanthe,Chastagnier,ychastagnierg5@narod.ru,857-95-5216
Sacha,Warrell,swarrellg6@moonfruit.com,152-91-6154
Lauritz,Evamy,levamyg7@gov.uk,896-40-4217
Carmina,Algate,calgateg8@clickbank.net,173-83-9315
Emilie,Champain,echampaing9@vinaora.com,494-41-3360
Annalise,Gorrie,agorriega@mysql.com,758-94-5395
Wait,Dodgshon,wdodgshongb@ed.gov,146-26-4370
Shelby,Schultz,sschultzgc@state.tx.us,758-37-5213
Manya,Ipplett,mipplettgd@topsy.com,140-24-4146
Benedetto,Pogson,bpogsonge@google.cn,669-73-3107
Leodora,Wapplington,lwapplingtongf@msu.edu,552-08-3443
Pernell,Varden,pvardengg@adobe.com,237-22-8295
Tannie,Petrelli,tpetrelligh@facebook.com,819-26-6065
Madalyn,Querree,mquerreegi@google.it,598-88-7496
Riva,Thorald,rthoraldgj@businesswire.com,473-96-0029
Lesley,Bradley,lbradleygk@etsy.com,359-57-5318
Giles,Brecher,gbrechergl@ow.ly,505-48-1987
Violetta,Webley,vwebleygm@sfgate.com,174-33-2162
Saunder,Akast,sakastgn@guardian.co.uk,397-08-5781
Christan,Dowber,cdowbergo@ft.com,792-30-9173
Danica,Housen,dhousengp@1und1.de,898-94-3113
Kellia,ducarme,kducarmegq@spotify.com,811-39-0937
Aleta,Chesterfield,achesterfieldgr@123-reg.co.uk,231-18-3943
Nickolai,Erie,neriegs@sitemeter.com,134-63-7091
Mildred,Noar,mnoargt@privacy.gov.au,228-22-7976
Kimberli,Warrick,kwarrickgu@youku.com,523-10-9245
Guendolen,Seary,gsearygv@livejournal.com,450-55-3271
Bendite,Timperley,btimperleygw@tripod.com,269-48-0924
Nichols,Maestro,nmaestrogx@google.pl,609-74-1804
Federico,Fend,ffendgy@free.fr,180-91-2061
Sarajane,Kamen,skamengz@amazonaws.com,636-76-1001
Jocelyn,Bakster,jbaksterh0@weibo.com,715-17-3766
Packston,Rodda,proddah1@yahoo.com,441-19-9115
Cinnamon,Oldman,coldmanh2@cpanel.net,327-81-7066
Alphonso,Shrubb,ashrubbh3@newsvine.com,466-38-0962
Gusty,Manes,gmanesh4@earthlink.net,393-13-8315
Barby,Berkowitz,bberkowitzh5@jugem.jp,210-38-0505
Tyson,Frick,tfrickh6@imgur.com,765-59-4753
Silvan,Gatehouse,sgatehouseh7@google.ru,440-39-1691
Angy,Impleton,aimpletonh8@wikipedia.org,674-93-6254
Olav,Litton,olittonh9@hhs.gov,159-83-0752
Brianne,Le Barr,blebarrha@guardian.co.uk,856-14-8375
Giacinta,Lile,glilehb@smh.com.au,786-01-0753
Killy,Rawdales,krawdaleshc@usgs.gov,315-13-5224
Viola,Polkinhorn,vpolkinhornhd@mac.com,661-17-7303
Leticia,Dewen,ldewenhe@usa.gov,582-12-7122
May,Dracey,mdraceyhf@patch.com,241-84-0140
Gabe,Blackster,gblacksterhg@ocn.ne.jp,612-34-4315
Olivero,L'argent,olargenthh@cafepress.com,244-12-7132
Regan,Hazlewood,rhazlewoodhi@yelp.com,661-78-7173
Fulvia,Dreger,fdregerhj@unblog.fr,857-24-5916
Audrie,Oldis,aoldishk@noaa.gov,724-73-8739
Izabel,Cormode,icormodehl@apple.com,636-48-7659
Ase,Guest,aguesthm@google.ru,452-82-0333
Dell,Beacom,dbeacomhn@timesonline.co.uk,732-15-6902
Reeba,Ackerman,rackermanho@ucla.edu,894-24-9582
Damara,Fouracres,dfouracreshp@moonfruit.com,490-21-0504
Shina,Bellhouse,sbellhousehq@mlb.com,817-36-3044
Luciana,Tremontana,ltremontanahr@purevolume.com,826-38-7274
Arleen,Iddins,aiddinshs@goo.gl,141-29-8275
Willow,Nannoni,wnannoniht@tinyurl.com,875-68-7325
Hallie,Beecroft,hbeecrofthu@cbsnews.com,744-12-6480
Cece,Skewes,cskeweshv@sun.com,423-68-7105
Reese,McIlhatton,rmcilhattonhw@pagesperso-orange.fr,514-75-7169
Joye,Licciardi,jlicciardihx@ucsd.edu,330-58-5000
Freida,Archibould,farchibouldhy@cbslocal.com,195-82-7151
Janie,Kuschel,jkuschelhz@rediff.com,840-46-8751
Matthus,Rosbotham,mrosbothami0@sphinn.com,553-06-6594
Marietta,Kulver,mkulveri1@go.com,426-13-0548
Charil,Camden,ccamdeni2@imdb.com,158-88-8618
Trina,Laval,tlavali3@canalblog.com,841-54-2369
Horatius,Hayford,hhayfordi4@shutterfly.com,631-65-3806
Danica,Schaffler,dschaffleri5@dyndns.org,357-85-1414
Micah,Eustes,meustesi6@hubpages.com,233-55-8187
Marlane,Giacomuzzo,mgiacomuzzoi7@myspace.com,342-48-7133
Stephanie,Vercruysse,svercruyssei8@mozilla.org,574-88-6091
Monte,Percifull,mpercifulli9@ed.gov,342-21-2575
Benedikt,Petrello,bpetrelloia@google.fr,579-58-4006
Talia,Laurenzi,tlaurenziib@wp.com,342-23-6201
Sherman,Romeril,sromerilic@weebly.com,396-34-9216
Allis,Boyack,aboyackid@smh.com.au,486-57-5910
Lesya,MacAree,lmacareeie@sakura.ne.jp,779-04-6017
Obediah,Stuck,ostuckif@linkedin.com,361-57-1258
Colby,Kydd,ckyddig@jigsy.com,552-43-5549
Zita,Bremmer,zbremmerih@sakura.ne.jp,306-96-0035
Sterling,De Laci,sdelaciii@cam.ac.uk,374-40-8910
Murial,Pickersail,mpickersailij@vimeo.com,558-64-6641
Vincenty,Lamprecht,vlamprechtik@pagesperso-orange.fr,563-02-4408
Fina,Grima,fgrimail@msn.com,866-39-6528
Fredrick,Richmont,frichmontim@reuters.com,520-14-6661
Quinn,Tomasian,qtomasianin@hp.com,656-98-6717
Rudd,Ide,rideio@cyberchimps.com,142-17-8576
Fidela,Ashlin,fashlinip@blogger.com,328-14-9196
Fiann,Orsay,forsayiq@latimes.com,138-04-8711
Claire,Barrows,cbarrowsir@vimeo.com,518-17-3855
Ellie,Calderon,ecalderonis@goo.ne.jp,324-01-9254
Ferdinande,De Meis,fdemeisit@tuttocitta.it,143-24-1552
Erich,Teodori,eteodoriiu@cdbaby.com,473-17-5422
Morganica,Horsewood,mhorsewoodiv@live.com,649-09-2154
Robina,Losseljong,rlosseljongiw@prnewswire.com,571-94-7029
Wini,Saxton,wsaxtonix@1688.com,427-28-6383
Lil,Janout,ljanoutiy@home.pl,358-02-0946
Ede,Weyland,eweylandiz@opera.com,387-87-2155
Genevieve,Pirrone,gpirronej0@un.org,122-90-7526
Tobias,Dalli,tdallij1@networksolutions.com,272-88-5488
Vinny,Anstis,vanstisj2@bluehost.com,876-96-0102
Lon,Bragginton,lbraggintonj3@nytimes.com,656-12-3087
Barnard,Bowld,bbowldj4@printfriendly.com,899-11-8045
Blakelee,Mikalski,bmikalskij5@constantcontact.com,494-65-9686
Meryl,Greenley,mgreenleyj6@goodreads.com,419-87-8039
Golda,Chadwen,gchadwenj7@umn.edu,701-40-0843
Malorie,Bromehead,mbromeheadj8@rakuten.co.jp,458-79-0147
Stephen,Pockett,spockettj9@elpais.com,520-18-5955
Arvy,Lumly,alumlyja@nature.com,229-14-5653
Liesa,Sims,lsimsjb@vkontakte.ru,578-81-1576
King,Guerrin,kguerrinjc@google.it,458-51-4938
Krista,Sweetnam,ksweetnamjd@myspace.com,591-15-0949
Etti,Chidlow,echidlowje@webeden.co.uk,681-21-4743
Nessa,Allwood,nallwoodjf@histats.com,581-49-2102
Lincoln,Itscowics,litscowicsjg@intel.com,109-82-7070
Lulu,Origin,loriginjh@army.mil,188-42-8232
Nadia,Sissland,nsisslandji@gravatar.com,652-18-4513
Kristofer,Bourdel,kbourdeljj@unicef.org,455-60-8701
Cicely,Audritt,caudrittjk@microsoft.com,669-50-3127
Isak,Aistrop,iaistropjl@digg.com,762-63-6865
Georas,Quaife,gquaifejm@trellian.com,555-05-5649
Angelico,Myrtle,amyrtlejn@ifeng.com,170-54-0984
Janey,Follos,jfollosjo@yahoo.co.jp,168-75-3983
Lucho,Van Arsdalen,lvanarsdalenjp@taobao.com,108-49-8871
Terra,Barajas,tbarajasjq@cbsnews.com,143-13-6182
Yvon,Setchell,ysetchelljr@lulu.com,296-56-9861
Abram,MacCahee,amaccaheejs@networkadvertising.org,186-49-5099
Ezekiel,Slowly,eslowlyjt@foxnews.com,569-28-8196
Gusti,Hookes,ghookesju@reddit.com,473-89-6315
Washington,Beinke,wbeinkejv@topsy.com,153-11-8114
Willem,Megarry,wmegarryjw@shinystat.com,345-94-9174
Micheal,Lesly,mleslyjx@mtv.com,296-18-7732
Mahalia,Idney,midneyjy@mozilla.org,234-78-7436
Murielle,Rhymes,mrhymesjz@prlog.org,349-50-7614
Warner,Cattrell,wcattrellk0@a8.net,152-81-4832
Atlante,Haitlie,ahaitliek1@xing.com,795-73-1249
Nerita,Mays,nmaysk2@berkeley.edu,134-79-0547
Giordano,Pitkethly,gpitkethlyk3@theguardian.com,172-40-4068
Cody,Napier,cnapierk4@addthis.com,450-23-1027
Jenna,Peche,jpechek5@1688.com,704-07-7335
Gabbey,Cavan,gcavank6@trellian.com,530-20-9167
Rick,Gerald,rgeraldk7@walmart.com,618-27-4599
Lissa,Deem,ldeemk8@engadget.com,636-05-7399
Husain,Yakubov,hyakubovk9@booking.com,245-60-3782
Byrann,Pinson,bpinsonka@disqus.com,129-13-3558
Dulcinea,Dumpleton,ddumpletonkb@cpanel.net,748-53-0367
Claudio,Eyrl,ceyrlkc@wp.com,585-24-0657
Ianthe,Timlin,itimlinkd@aol.com,789-69-1985
Arthur,Bellefonte,abellefonteke@economist.com,145-66-6694
Dante,Regorz,dregorzkf@unesco.org,202-17-4162
Hayden,Briston,hbristonkg@hexun.com,509-43-2805
Hana,Poacher,hpoacherkh@patch.com,341-48-7431
Enoch,Tomblett,etomblettki@cam.ac.uk,414-94-5049
Bonnie,Beamish,bbeamishkj@last.fm,855-67-9093
Rani,Kisting,rkistingkk@japanpost.jp,844-03-0994
Gladi,Mion,gmionkl@1688.com,484-78-4474
Sinclair,Lafee,slafeekm@topsy.com,184-24-7482
Leicester,Bullier,lbullierkn@aol.com,125-13-9761
Karlie,Bogeys,kbogeysko@zdnet.com,411-35-4322
Mario,Vasiliev,mvasilievkp@drupal.org,623-44-7829
Donalt,Wimlet,dwimletkq@histats.com,388-47-7055
Kendell,Danks,kdankskr@geocities.com,359-45-4278
Jason,Peepall,jpeepallks@blinklist.com,408-98-1087
Porty,Keigher,pkeigherkt@is.gd,474-62-2971
Lisha,Graysmark,lgraysmarkku@privacy.gov.au,509-92-2762
Orlan,Roddick,oroddickkv@craigslist.org,155-29-9256
Patten,Filipczak,pfilipczakkw@fc2.com,845-67-0365
Cassaundra,Kondratenya,ckondratenyakx@dot.gov,719-69-4271
Danette,Koeppke,dkoeppkeky@ed.gov,338-55-0995
Nalani,Gadsdon,ngadsdonkz@ft.com,788-18-5762
Loraine,Snowding,lsnowdingl0@de.vu,549-70-1566
Katee,Librey,klibreyl1@bbb.org,691-92-1182
Perkin,Stidson,pstidsonl2@prnewswire.com,209-74-8389
Renault,Ugo,rugol3@wikia.com,472-42-5506
Dodi,Maasz,dmaaszl4@princeton.edu,515-92-7939
Jason,Blinco,jblincol5@usgs.gov,464-99-8090
Morganica,Pioch,mpiochl6@psu.edu,236-19-3918
Alic,Tallant,atallantl7@pbs.org,115-71-8158
Chelsey,Haugg,chauggl8@hatena.ne.jp,411-77-5217
Ashleigh,Tivers,ativersl9@desdev.cn,607-62-5835
Margot,Cutill,mcutillla@unc.edu,846-24-1205
Janenna,Chaimson,jchaimsonlb@icq.com,330-56-5558
Thia,Brooke,tbrookelc@mediafire.com,197-35-7914
Cyndia,Eusden,ceusdenld@sourceforge.net,357-21-8252
Randolph,Osgood,rosgoodle@over-blog.com,318-12-4471
Jaynell,Boik,jboiklf@delicious.com,450-65-9783
Hayes,Rowswell,hrowswelllg@nba.com,545-04-4701
Cicely,Cush,ccushlh@amazon.com,801-97-3164
Oralee,Ranyelld,oranyelldli@de.vu,189-24-3891
Andris,Barthelemy,abarthelemylj@timesonline.co.uk,381-76-8931
Glyn,Leebetter,gleebetterlk@ocn.ne.jp,363-96-4528
Viviyan,Costall,vcostallll@typepad.com,549-86-6448
Dermot,Lowndes,dlowndeslm@altervista.org,185-21-3608
Ollie,Noden,onodenln@mozilla.org,549-19-3505
Zebadiah,Ternent,zternentlo@arizona.edu,343-19-4595
Norrie,Queenborough,nqueenboroughlp@springer.com,892-96-1911
Horatia,Forryan,hforryanlq@domainmarket.com,879-12-2580
Julita,Guisler,jguislerlr@prnewswire.com,855-25-5943
Una,Bucher,ubucherls@virginia.edu,688-44-4686
Ebeneser,Scoullar,escoullarlt@house.gov,688-46-0364
Rubin,Dougary,rdougarylu@theguardian.com,631-66-2629
Kirstin,Stait,kstaitlv@technorati.com,332-92-7443
Lewiss,Buffy,lbuffylw@spotify.com,460-91-2388
Rivy,McGrouther,rmcgroutherlx@eepurl.com,821-19-2360
Gloria,Deery,gdeeryly@stanford.edu,553-31-4703
Dolley,Condict,dcondictlz@psu.edu,379-03-0963
Arthur,Goymer,agoymerm0@yandex.ru,675-25-5924
Julie,Clutton,jcluttonm1@theatlantic.com,545-85-8539
Amerigo,Matyatin,amatyatinm2@usa.gov,736-28-7820
Clarie,Ladel,cladelm3@flickr.com,409-04-8475
Claybourne,Aherne,cahernem4@nsw.gov.au,218-54-8637
Denys,Boig,dboigm5@live.com,614-61-2576
Kellby,Kirkam,kkirkamm6@google.pl,809-34-6409
Ella,Papaminas,epapaminasm7@washington.edu,586-84-5773
Kylynn,Alexandre,kalexandrem8@webmd.com,588-80-0432
Kara,Penhaleurack,kpenhaleurackm9@studiopress.com,601-15-0353
Lucretia,Haysom,lhaysomma@163.com,278-04-0747
Wilma,Lamborne,wlambornemb@technorati.com,310-80-6348
Artemis,Klimshuk,aklimshukmc@thetimes.co.uk,436-74-8501
Esme,Dowry,edowrymd@google.pl,733-14-4288
Oswell,Standing,ostandingme@eepurl.com,782-94-3684
Stephani,Desmond,sdesmondmf@accuweather.com,641-23-4837
Lise,Yurmanovev,lyurmanovevmg@squarespace.com,304-92-2961
Willard,Courvert,wcourvertmh@ow.ly,636-27-1651
Anneliese,Bedbury,abedburymi@hostgator.com,719-59-5549
Vivie,Harnetty,vharnettymj@harvard.edu,580-16-8417
Esmaria,Elfitt,eelfittmk@biblegateway.com,290-85-8406
Morrie,Durber,mdurberml@sfgate.com,895-75-6813
Joella,Donnell,jdonnellmm@census.gov,302-51-6899
Hymie,Troyes,htroyesmn@surveymonkey.com,441-98-4347
Ingmar,Pedgrift,ipedgriftmo@360.cn,792-84-6998
Ethelin,Stapforth,estapforthmp@answers.com,410-01-4128
Russ,Gripton,rgriptonmq@yahoo.co.jp,376-77-5033
Cesar,Gjerde,cgjerdemr@cnbc.com,836-57-3027
Carmita,Westall,cwestallms@miitbeian.gov.cn,892-69-7064
Annalee,Dudeney,adudeneymt@furl.net,114-80-1095
Daron,Hazelby,dhazelbymu@about.com,238-54-5903
Wendi,Wharram,wwharrammv@macromedia.com,782-77-9025
Beckie,Ives,bivesmw@livejournal.com,120-13-1847
Anthia,Barnson,abarnsonmx@mail.ru,782-83-9026
Lorry,Dowtry,ldowtrymy@reference.com,418-44-7903
Silvain,Hawtin,shawtinmz@tumblr.com,560-14-6527
Yevette,Scrivens,yscrivensn0@1688.com,377-55-9231
Shara,Bolden,sboldenn1@arizona.edu,729-14-4870
Lennard,Garthshore,lgarthshoren2@hexun.com,837-87-5738
Phebe,Grzesiewicz,pgrzesiewiczn3@1und1.de,201-70-9174
Kaye,Glauber,kglaubern4@biblegateway.com,228-40-4561
Corie,Gurner,cgurnern5@hexun.com,497-35-7182
Tedman,Templman,ttemplmann6@ox.ac.uk,450-81-9953
Jamill,Horburgh,jhorburghn7@unc.edu,547-96-3155
Devland,Bang,dbangn8@altervista.org,429-41-5786
Ailina,Amort,aamortn9@scientificamerican.com,815-85-5414
Debby,Simonyi,dsimonyina@sciencedaily.com,686-78-4733
Welbie,Skull,wskullnb@unblog.fr,198-25-4244
Paolina,Gingedale,pgingedalenc@state.gov,442-54-9219
Allyn,Pedersen,apedersennd@indiatimes.com,654-76-4297
Matthiew,Bembrick,mbembrickne@bizjournals.com,870-13-1110
Vera,Sorby,vsorbynf@nsw.gov.au,496-32-9661
Benetta,McCrorie,bmccrorieng@webmd.com,809-46-0610
Concettina,Ianniello,cianniellonh@facebook.com,195-99-6825
Malinde,Klais,mklaisni@fastcompany.com,302-04-6804
Denney,Cranidge,dcranidgenj@hibu.com,515-23-6466
Hedda,Allday,halldaynk@microsoft.com,790-28-4849
Alwin,Cowill,acowillnl@bing.com,717-70-2361
Corissa,Suttie,csuttienm@vinaora.com,792-33-2919
Kory,Briamo,kbriamonn@slate.com,354-46-1068
Sylvester,Camerello,scamerellono@unc.edu,444-20-3348
Livvyy,Margach,lmargachnp@businessweek.com,144-42-3329
Larina,Boraston,lborastonnq@ted.com,675-12-6380
Luciana,Loseke,llosekenr@cdc.gov,556-94-4707
Wyatt,Bonass,wbonassns@google.fr,355-21-1007
Miner,Braddick,mbraddicknt@clickbank.net,128-54-4815
Cassandra,Wrey,cwreynu@cmu.edu,854-85-4797
Tobias,Alday,taldaynv@oracle.com,214-06-7541
Carlie,Murty,cmurtynw@vistaprint.com,370-12-0428
Iris,Trenbey,itrenbeynx@blogger.com,213-42-0120
Odette,O'Lochan,oolochanny@livejournal.com,624-86-1942
Marin,O'Mailey,momaileynz@whitehouse.gov,805-40-5884
Evangeline,Worgan,eworgano0@hhs.gov,643-75-0483
Kirstyn,Michin,kmichino1@google.ru,353-39-8385
Frederich,Elger,felgero2@oakley.com,308-20-3071
Lezley,Florio,lflorioo3@archive.org,467-22-8781
Bev,Bransom,bbransomo4@craigslist.org,247-62-1230
Roma,Hubble,rhubbleo5@t-online.de,779-60-0332
Conrado,Lefridge,clefridgeo6@ameblo.jp,690-20-2718
Beauregard,Gladtbach,bgladtbacho7@usgs.gov,683-98-1912
Sheelagh,Ormistone,sormistoneo8@xinhuanet.com,453-79-3740
Allie,Flinders,aflinderso9@phpbb.com,295-41-4187
Patrica,Drennan,pdrennanoa@123-reg.co.uk,453-75-8570
Frederigo,Pulfer,fpulferob@ovh.net,574-23-1210
Shel,Badwick,sbadwickoc@51.la,768-84-2508
Dorie,Buxton,dbuxtonod@trellian.com,196-21-1181
Saidee,Grisewood,sgrisewoodoe@ihg.com,102-80-7734
Stephan,Shinn,sshinnof@mozilla.org,619-87-7050
Juli,Dearman,jdearmanog@feedburner.com,179-56-2934
Lucais,Bayne,lbayneoh@mit.edu,733-89-3803
Bob,Shervil,bsherviloi@abc.net.au,619-96-0057
Jeanna,Meindl,jmeindloj@auda.org.au,815-36-7569
Rudiger,Oxbury,roxburyok@homestead.com,282-23-4007
Xylina,Pleager,xpleagerol@i2i.jp,329-42-7318
Alison,Rearie,arearieom@google.nl,372-55-5120
Gauthier,Diddams,gdiddamson@wikimedia.org,572-36-2935
Derrek,Sieghard,dsieghardoo@illinois.edu,287-63-7529
Terri,Georg,tgeorgop@wiley.com,388-21-1205
Angeli,McQuin,amcquinoq@nationalgeographic.com,712-35-0013
Bernie,Buttrum,bbuttrumor@quantcast.com,428-48-6041
Loise,Bryer,lbryeros@google.cn,401-14-4314
Lyndell,Palethorpe,lpalethorpeot@seattletimes.com,191-29-0770
Andee,Bridgens,abridgensou@wp.com,280-62-0483
Quint,Rutherforth,qrutherforthov@sourceforge.net,818-02-6672
Paddy,Turbayne,pturbayneow@delicious.com,788-49-1200
Tilda,Levet,tlevetox@google.fr,871-41-9048
Laughton,Dodds,ldoddsoy@uiuc.edu,494-19-1570
Gar,Goady,ggoadyoz@alibaba.com,377-18-1731
Hinda,Montacute,hmontacutep0@twitpic.com,233-77-3281
Winfield,Abella,wabellap1@xinhuanet.com,652-26-1749
Jude,Antoszczyk,jantoszczykp2@bloglovin.com,639-99-6649
Doyle,McEvon,dmcevonp3@cafepress.com,285-21-3757
Dorita,Cater,dcaterp4@huffingtonpost.com,403-34-8281
Magnum,Sorrill,msorrillp5@answers.com,538-75-8762
Osborne,Reveley,oreveleyp6@last.fm,487-24-2214
Kristos,Phlippsen,kphlippsenp7@bloglovin.com,446-02-5048
Kristofor,Hasker,khaskerp8@qq.com,417-35-1584
Cassie,Bummfrey,cbummfreyp9@cbslocal.com,453-65-4699
Candide,Darrigrand,cdarrigrandpa@eventbrite.com,590-45-6671
Rosanna,Labone,rlabonepb@blogs.com,253-33-5610
Giavani,Reggiani,greggianipc@abc.net.au,563-43-6322
Harris,Hutcheon,hhutcheonpd@ucsd.edu,283-84-9185
Jermain,Waycott,jwaycottpe@sbwire.com,284-91-0846
Hali,Lundbech,hlundbechpf@com.com,806-03-4959
Ezmeralda,Manktelow,emanktelowpg@ovh.net,108-84-5946
Cliff,Ronchetti,cronchettiph@telegraph.co.uk,881-11-5537
Charmaine,Laffan,claffanpi@ucsd.edu,100-41-3096
Zelig,Lamyman,zlamymanpj@timesonline.co.uk,803-80-4530
Daniele,Leathlay,dleathlaypk@comcast.net,821-61-6975
Brennan,MacEllen,bmacellenpl@ca.gov,766-67-4923
Robbert,Priestley,rpriestleypm@hostgator.com,692-60-9892
Shawnee,Astin,sastinpn@amazon.co.uk,886-08-3553
Kip,Vigors,kvigorspo@trellian.com,200-18-9395
Rutter,Castellino,rcastellinopp@github.io,305-75-6138
Crysta,Halfacree,chalfacreepq@ft.com,660-98-3385
Honoria,Karolowski,hkarolowskipr@hubpages.com,479-83-8087
Vivia,Lavielle,vlavielleps@wikispaces.com,557-48-0563
Giordano,Keepence,gkeepencept@narod.ru,375-70-7429
Salomi,Stit,sstitpu@umn.edu,480-40-9769
Herve,Faill,hfaillpv@youtube.com,423-84-1032
Mignonne,Campa,mcampapw@google.com,248-17-6142
Ellyn,Millington,emillingtonpx@salon.com,420-58-8469
Mikel,Cluer,mcluerpy@umn.edu,185-79-2467
Tanitansy,Cossey,tcosseypz@sphinn.com,613-68-3600
Yvette,Dacca,ydaccaq0@businessinsider.com,598-18-5800
Jareb,Priest,jpriestq1@friendfeed.com,767-56-6758
Deloris,Gilmore,dgilmoreq2@bizjournals.com,367-74-3863
Tedie,Jaegar,tjaegarq3@xrea.com,389-63-0092
Benjamin,Downes,bdownesq4@xing.com,344-52-9050
Valdemar,Sangra,vsangraq5@csmonitor.com,148-63-1641
Naoma,Commuzzo,ncommuzzoq6@globo.com,187-17-6342
Garrott,Charrett,gcharrettq7@multiply.com,643-78-6117
Junina,Huck,jhuckq8@yahoo.co.jp,311-80-4820
Terrance,Vigors,tvigorsq9@fema.gov,482-71-3194
Lennie,Willoughby,lwilloughbyqa@army.mil,697-51-8735
Niles,Grzeszczak,ngrzeszczakqb@jalbum.net,785-54-5770
Gert,Gandley,ggandleyqc@angelfire.com,269-88-4373
Caresse,O'Feeny,cofeenyqd@joomla.org,539-13-4264
Kellyann,Duffie,kduffieqe@google.com.br,575-97-5480
Bendick,Bodd,bboddqf@trellian.com,880-23-4452
Tiler,Shemmans,tshemmansqg@sitemeter.com,787-74-3810
Jena,Fairney,jfairneyqh@alibaba.com,527-98-8352
Bertrand,Renouf,brenoufqi@microsoft.com,655-35-9512
Alessandra,Bansal,abansalqj@cbslocal.com,309-23-6252
Ruben,Purslow,rpurslowqk@smugmug.com,236-59-4034
Tyne,Kirsop,tkirsopql@dot.gov,459-76-9261
Harold,Nell,hnellqm@ed.gov,620-38-8166
Kandy,Tuffey,ktuffeyqn@yale.edu,785-23-2387
Mahala,Sigsworth,msigsworthqo@t-online.de,319-78-2110
Boigie,Sampson,bsampsonqp@live.com,615-77-7969
Shawn,Barensen,sbarensenqq@boston.com,340-41-2581
Madelena,Ethelston,methelstonqr@feedburner.com,494-92-6046
Saxe,Polkinhorn,spolkinhornqs@spotify.com,408-08-5351
Lloyd,Cromly,lcromlyqt@hao123.com,698-21-7287
Arne,McGahy,amcgahyqu@arizona.edu,266-30-6735
Baxie,Stickford,bstickfordqv@nps.gov,679-68-0453
Uta,Bischoff,ubischoffqw@sphinn.com,149-79-2574
Nonah,Gellately,ngellatelyqx@netvibes.com,282-33-6302
Ali,Buddleigh,abuddleighqy@zdnet.com,603-64-1126
Gwenore,Nanetti,gnanettiqz@nationalgeographic.com,766-41-0664
Barnabas,Slinn,bslinnr0@merriam-webster.com,468-41-0951
Isa,McKinnon,imckinnonr1@hud.gov,242-64-5640
Killie,Greenly,kgreenlyr2@netscape.com,573-40-1735
Romeo,Kerfod,rkerfodr3@google.com.au,354-33-7268
Emmaline,Sharram,esharramr4@apple.com,399-61-6878
Shannah,Ord,sordr5@netvibes.com,668-81-3356
Moss,Mularkey,mmularkeyr6@homestead.com,429-43-1415
Dino,Tithacott,dtithacottr7@weebly.com,313-06-0786
Jesus,Bartlomiejczyk,jbartlomiejczykr8@friendfeed.com,494-82-9504
Laraine,Winsor,lwinsorr9@deliciousdays.com,249-56-6478
Dukey,Bernhardt,dbernhardtra@infoseek.co.jp,546-60-0999
Rutter,Borleace,rborleacerb@desdev.cn,889-18-4205
Debbie,Ditchfield,dditchfieldrc@reverbnation.com,456-01-1826
Haily,Viste,hvisterd@php.net,862-57-1807
Shamus,Grasha,sgrashare@biblegateway.com,202-19-1095
Hakeem,Velde,hvelderf@livejournal.com,690-26-2863
Ellswerth,Ridgley,eridgleyrg@aol.com,794-33-4876
Jecho,de Courcy,jdecourcyrh@1688.com,172-14-0606
Concordia,Ferries,cferriesri@blogspot.com,293-14-1193
Mable,Gregr,mgregrrj@google.it,452-20-6054
Almeda,Salzberg,asalzbergrk@house.gov,824-25-9376
Wainwright,Lauridsen,wlauridsenrl@aol.com,275-54-9904
Kimmie,Hughlock,khughlockrm@hc360.com,109-25-2972
Kai,Patterson,kpattersonrn@t.co,705-36-0662
Roxie,Agirre,ragirrero@skype.com,761-03-0026
Tobiah,Idney,tidneyrp@opensource.org,793-55-6236
Irma,Crosskill,icrosskillrq@rediff.com,687-98-8294
Zack,Pestridge,zpestridgerr@alexa.com,432-76-7011
